{
	"info": {
		"_postman_id": "bf1402bb-78a4-4ad2-8735-ecd9d378dba7",
		"name": "PetCareManagement",
		"schema": "https://schema.getpostman.com/json/collection/v2.1.0/collection.json"
	},
	"item": [
		{
			"name": "Pet Owner",
			"item": [
				{
					"name": "register",
					"request": {
						"method": "POST",
						"header": [
							{
								"warning": "This is a duplicate header and will be overridden by the Content-Type header generated by Postman.",
								"key": "Content-Type",
								"value": "application/json",
								"type": "default"
							}
						],
						"body": {
							"mode": "formdata",
							"formdata": [
								{
									"key": "fullName",
									"value": "dinushka piyumal",
									"type": "text"
								},
								{
									"key": "email",
									"value": "dinushkapiyumal678@gmail.com",
									"type": "default"
								},
								{
									"key": "address",
									"value": "27/c , akuramboda",
									"type": "default"
								},
								{
									"key": "username",
									"value": "piyumal69",
									"type": "default"
								},
								{
									"key": "password",
									"value": "Iwin1day@",
									"type": "default"
								},
								{
									"key": "image",
									"type": "file",
									"src": "/home/dinushka/Pictures/Screenshot from 2022-08-20 11-53-25.png"
								},
								{
									"key": "contact",
									"value": "0763538804",
									"type": "default"
								},
								{
									"key": "passwordConfirm",
									"value": "Iwin1day@",
									"type": "default"
								}
							]
						},
						"url": {
							"raw": "http://localhost:3000/pet-owner/register",
							"protocol": "http",
							"host": [
								"localhost"
							],
							"port": "3000",
							"path": [
								"pet-owner",
								"register"
							]
						}
					},
					"response": []
				},
				{
					"name": "login",
					"request": {
						"method": "POST",
						"header": [
							{
								"key": "x-access-token",
								"value": "eyJhbGciOiJIUzI1NiIsInR5cCI6IkpXVCJ9.eyJ1c2VyX2lkIjoiNjMwN2E2MDY4MGVmOTRiZjY5MTJlOGMxIiwiZW1haWwiOiJkaW51c2hrYXBpeXVtYWw2NzhAZ21haWwuY29tIiwiaWF0IjoxNjYxNDQ2NjYwLCJleHAiOjE2NjE0NTM4NjB9.PdkmBvYcHOzGLqwBKoEIL590xKdGKtNoaGy2OJfDte4",
								"type": "default",
								"disabled": true
							}
						],
						"body": {
							"mode": "urlencoded",
							"urlencoded": [
								{
									"key": "email",
									"value": "dinushkapiyumal678@gmail.com",
									"type": "default"
								},
								{
									"key": "password",
									"value": "Iwin1day@",
									"type": "default"
								}
							]
						},
						"url": {
							"raw": "http://localhost:3000/pet-owner/login",
							"protocol": "http",
							"host": [
								"localhost"
							],
							"port": "3000",
							"path": [
								"pet-owner",
								"login"
							]
						}
					},
					"response": []
				},
				{
					"name": "add new pet",
					"request": {
						"method": "POST",
						"header": [
							{
								"key": "x-access-token",
								"value": "eyJhbGciOiJIUzI1NiIsInR5cCI6IkpXVCJ9.eyJ1c2VyX2lkIjoiNjMwN2E2MDY4MGVmOTRiZjY5MTJlOGMxIiwiZW1haWwiOiJkaW51c2hrYXBpeXVtYWw2NzhAZ21haWwuY29tIiwiaWF0IjoxNjYxNDQ2ODU3LCJleHAiOjE2NjE0NTQwNTd9.QrrHEGGax3yOqev88qJvpyyCFr8hmIkJeYIkeNztIo4",
								"type": "default",
								"disabled": true
							}
						],
						"body": {
							"mode": "urlencoded",
							"urlencoded": [
								{
									"key": "petName",
									"value": "jimmy",
									"type": "default"
								},
								{
									"key": "breed",
									"value": "breed2",
									"type": "default"
								},
								{
									"key": "age",
									"value": "5",
									"type": "default"
								}
							]
						},
						"url": {
							"raw": "http://localhost:3000/pet-owner/add-pet/6307b123afc60fedff55635a",
							"protocol": "http",
							"host": [
								"localhost"
							],
							"port": "3000",
							"path": [
								"pet-owner",
								"add-pet",
								"6307b123afc60fedff55635a"
							]
						}
					},
					"response": []
				}
			]
		},
		{
			"name": "index",
			"item": [
				{
					"name": "index",
					"request": {
						"method": "GET",
						"header": [],
						"url": {
							"raw": "http://localhost:3000/",
							"protocol": "http",
							"host": [
								"localhost"
							],
							"port": "3000",
							"path": [
								""
							]
						}
					},
					"response": []
				}
			]
		}
	]
}